{"iter_weighted_loss": 2.63808536529541, "iter_question_type": 1.979470133781433, "iter_vqa": 0.658615231513977, "_timestamp": 1704704726.5957825, "_runtime": 85.30743145942688, "_step": 12, "train_weighted_loss": 2.0850924253463745, "train_question_type_loss": 1.6428510546684265, "train_vqa_loss": 0.4422414302825928, "train_lr": 0.0009494949494949495, "epoch": 5, "val_weighted_loss": 2.789552330970764, "val_question_type_loss": 1.7346432209014893, "val_vqa_loss": 1.0549091696739197, "val_accuracy_question_type": 0.375, "val_val_unanswerable_accuracy": 0.14285714285714285, "val_val_other_accuracy": 0.0, "val_val_yes_no_accuracy": 0.0, "val_val_accuracy_vqa": 0.0625}