{"iter_weighted_loss": 2.538590669631958, "iter_question_type": 1.486325740814209, "iter_vqa": 1.052264928817749, "_timestamp": 1704704726.5955427, "_runtime": 91.3783347606659, "_step": 12, "train_weighted_loss": 2.0850924253463745, "train_question_type_loss": 1.6428510546684265, "train_vqa_loss": 0.4422414302825928, "train_lr": 0.0009494949494949495, "epoch": 5, "val_weighted_loss": 2.789552330970764, "val_question_type_loss": 1.7346432209014893, "val_vqa_loss": 1.0549091696739197, "val_accuracy_question_type": 0.4375, "val_val_unanswerable_accuracy": 0.5555555555555556, "val_val_other_accuracy": 0.0, "val_val_yes_no_accuracy": 0.0, "val_val_accuracy_vqa": 0.3125}